{
  "apiVersion": "1.01",
  "params": {
    "domain": "HDR",
    "systemId": "HDR"
  },
  "data": {
    "updated": "20140409083547",
    "totalItems": 1,
    "items": [
      {
        "comments": [
          {
            "comment": " TESTING DIETETICS",
            "entered": 19940119082309,
            "enteredByName": "PROGRAMMER,TWENTY",
            "enteredByUid": "urn:va:user:ABCD:755"
          }
        ],
        "entered": 199401190822,
        "facilityCode": 561,
        "facilityName": "New Jersey HCS",
        "historical": true,
        "kind": "Allergy / Adverse Reaction",
        "localId": 106,
        "mechanism": "ALLERGY",
        "originatorName": "PROGRAMMER,TWENTY",
        "products": [
          {
            "name": "MILK",
            "vuid": "urn:va:vuid:4636981"
          }
        ],
        "reactions": [
          {
            "name": "NAUSEA,VOMITING",
            "vuid": "urn:va:vuid:"
          }
        ],
        "reference": "29;GMRD(120.82,",
        "summary": "MILK",
        "typeName": "DRUG, FOOD",
        "uid": "urn:va:allergy:ABCD:16:106",
        "verified": 19940119082339,
        "verifierName": "PROGRAMMER,TWENTY"
      }
    ]
  }
}
